{
"lengthUnit": "mil",
"components": {
	"fields": ["COMPONENT_NO", "COMPONENT_NAME", "LAYER", "X_COORDINATE", "Y_COORDINATE", "ANGLE"],
	"rows": [
		[1, "A4950_1", "T", 1360, -2710, 180],
		[2, "BUZ1", "T", 2390, -2630, 180],
		[3, "C1", "T", 710, -495, 0],
		[4, "CN1", "T", 160, -1930, 270],
		[5, "CN2", "T", 160, -2675, 270],
		[6, "D1", "T", 630, -1615, 0],
		[7, "DC1", "T", 150, -480, 270],
		[8, "IL2", "T", 700, -3055, 0],
		[9, "J2", "T", 2325, -3425.61, 180],
		[10, "LED1", "T", 98.26, -1314.05, 270],
		[11, "P3", "T", 3080, -1950, 270],
		[12, "P4", "T", 3080, -1545, 270],
		[13, "P5", "T", 1855, -2405, 180],
		[14, "R4", "T", 98.26, -1494.05, 90],
		[15, "U2", "T", 2425, -1150, 0],
		[16, "U3", "T", 1050, -3370, 0],
		[17, "U6", "T", 2842.5, -3357.5, 180],
		[18, "U7", "T", 2315, -3200, 180],
		[19, "U8", "T", 755, -185, 180],
		[20, "U9", "T", 1807.5, -3357.5, 180],
		[21, "U10", "T", 865, -750, 270],
		[22, "U11", "T", 1435, -565, 270],
		[23, "U12", "T", 1005, -1190, 0],
		[24, "U15", "T", 405, -3435, 0],
		[25, "W1", "T", 110, -930, 270],
		[26, "W2_3.3", "T", 595, -1815, 0]
	]
},
"pins": {
	"fields": ["PIN_NO", "PIN_NAME", "PIN_X", "PIN_Y", "LAYER", "PIN_TYPE", "NET_NAME", "NET_TYPE", "PAD_SHAPE", "PAD_SIZEX", "PAD_SIZEY", "HOLE_SIZE", "PAD_ANGLE"],
	"rows": [
		[1, "A4950_1_1", 1360, -2710, "T", "DIP", "GND", "GND", "C", 60, 60, 36, 180],
		[2, "A4950_1_1", 1360, -2710, "B", "DIP", "GND", "GND", "C", 60, 60, 36, 180],
		[3, "A4950_1_2", 1360, -2610, "T", "DIP", "A4950_1_2", "", "C", 60, 60, 36, 180],
		[4, "A4950_1_2", 1360, -2610, "B", "DIP", "A4950_1_2", "", "C", 60, 60, 36, 180],
		[5, "A4950_1_3", 1360, -2510, "T", "DIP", "+5V", "", "C", 60, 60, 36, 180],
		[6, "A4950_1_3", 1360, -2510, "B", "DIP", "+5V", "", "C", 60, 60, 36, 180],
		[7, "A4950_1_4", 1360, -2410, "T", "DIP", "AIN2", "", "C", 60, 60, 36, 180],
		[8, "A4950_1_4", 1360, -2410, "B", "DIP", "AIN2", "", "C", 60, 60, 36, 180],
		[9, "A4950_1_5", 1360, -2310, "T", "DIP", "AIN1", "", "C", 60, 60, 36, 180],
		[10, "A4950_1_5", 1360, -2310, "B", "DIP", "AIN1", "", "C", 60, 60, 36, 180],
		[11, "A4950_1_6", 1360, -2210, "T", "DIP", "BOUT+", "", "C", 60, 60, 36, 180],
		[12, "A4950_1_6", 1360, -2210, "B", "DIP", "BOUT+", "", "C", 60, 60, 36, 180],
		[13, "A4950_1_7", 1360, -2110, "T", "DIP", "BOUT-", "", "C", 60, 60, 36, 180],
		[14, "A4950_1_7", 1360, -2110, "B", "DIP", "BOUT-", "", "C", 60, 60, 36, 180],
		[15, "A4950_1_8", 560, -2710, "T", "DIP", "AOUT-", "", "C", 60, 60, 36, 180],
		[16, "A4950_1_8", 560, -2710, "B", "DIP", "AOUT-", "", "C", 60, 60, 36, 180],
		[17, "A4950_1_9", 560, -2610, "T", "DIP", "AOUT+", "", "C", 60, 60, 36, 180],
		[18, "A4950_1_9", 560, -2610, "B", "DIP", "AOUT+", "", "C", 60, 60, 36, 180],
		[19, "A4950_1_10", 560, -2510, "T", "DIP", "BIN1", "", "C", 60, 60, 36, 180],
		[20, "A4950_1_10", 560, -2510, "B", "DIP", "BIN1", "", "C", 60, 60, 36, 180],
		[21, "A4950_1_11", 560, -2410, "T", "DIP", "BIN2", "", "C", 60, 60, 36, 180],
		[22, "A4950_1_11", 560, -2410, "B", "DIP", "BIN2", "", "C", 60, 60, 36, 180],
		[23, "A4950_1_12", 560, -2310, "T", "DIP", "+5V", "", "C", 60, 60, 36, 180],
		[24, "A4950_1_12", 560, -2310, "B", "DIP", "+5V", "", "C", 60, 60, 36, 180],
		[25, "A4950_1_13", 560, -2210, "T", "DIP", "VIN", "", "C", 60, 60, 36, 180],
		[26, "A4950_1_13", 560, -2210, "B", "DIP", "VIN", "", "C", 60, 60, 36, 180],
		[27, "A4950_1_14", 560, -2110, "T", "DIP", "GND", "GND", "C", 60, 60, 36, 180],
		[28, "A4950_1_14", 560, -2110, "B", "DIP", "GND", "GND", "C", 60, 60, 36, 180],
		[29, "BUZ1_1", 2488.43, -2630, "T", "DIP", "$1N15612", "", "C", 70.87, 70.87, 39.37, 180],
		[30, "BUZ1_1", 2488.43, -2630, "B", "DIP", "$1N15612", "", "C", 70.87, 70.87, 39.37, 180],
		[31, "BUZ1_2", 2291.57, -2630, "T", "DIP", "GND", "GND", "C", 70.87, 70.87, 39.37, 180],
		[32, "BUZ1_2", 2291.57, -2630, "B", "DIP", "GND", "GND", "C", 70.87, 70.87, 39.37, 180],
		[33, "C1_1", 604.88, -495, "T", "SMD", "VIN", "", "R", 137.79, 47.24, 0, 0],
		[34, "C1_2", 815.12, -495, "T", "SMD", "GND", "GND", "R", 137.79, 47.24, 0, 0],
		[35, "CN1_1", 160, -1683.94, "T", "DIP", "AOUT+", "", "C", 64.96, 64.96, 43.31, 270],
		[36, "CN1_1", 160, -1683.94, "B", "DIP", "AOUT+", "", "C", 64.96, 64.96, 43.31, 270],
		[37, "CN1_2", 160, -1782.36, "T", "DIP", "+5V", "", "C", 64.96, 64.96, 43.31, 270],
		[38, "CN1_2", 160, -1782.36, "B", "DIP", "+5V", "", "C", 64.96, 64.96, 43.31, 270],
		[39, "CN1_3", 160, -1880.79, "T", "DIP", "A1", "", "C", 64.96, 64.96, 43.31, 270],
		[40, "CN1_3", 160, -1880.79, "B", "DIP", "A1", "", "C", 64.96, 64.96, 43.31, 270],
		[41, "CN1_4", 160, -1979.21, "T", "DIP", "B1", "", "C", 64.96, 64.96, 43.31, 270],
		[42, "CN1_4", 160, -1979.21, "B", "DIP", "B1", "", "C", 64.96, 64.96, 43.31, 270],
		[43, "CN1_5", 160, -2077.64, "T", "DIP", "GND", "GND", "C", 64.96, 64.96, 43.31, 270],
		[44, "CN1_5", 160, -2077.64, "B", "DIP", "GND", "GND", "C", 64.96, 64.96, 43.31, 270],
		[45, "CN1_6", 160, -2176.06, "T", "DIP", "AOUT-", "", "C", 64.96, 64.96, 43.31, 270],
		[46, "CN1_6", 160, -2176.06, "B", "DIP", "AOUT-", "", "C", 64.96, 64.96, 43.31, 270],
		[47, "CN2_1", 160, -2428.94, "T", "DIP", "BOUT+", "", "C", 64.96, 64.96, 43.31, 270],
		[48, "CN2_1", 160, -2428.94, "B", "DIP", "BOUT+", "", "C", 64.96, 64.96, 43.31, 270],
		[49, "CN2_2", 160, -2527.36, "T", "DIP", "+5V", "", "C", 64.96, 64.96, 43.31, 270],
		[50, "CN2_2", 160, -2527.36, "B", "DIP", "+5V", "", "C", 64.96, 64.96, 43.31, 270],
		[51, "CN2_3", 160, -2625.79, "T", "DIP", "A2", "", "C", 64.96, 64.96, 43.31, 270],
		[52, "CN2_3", 160, -2625.79, "B", "DIP", "A2", "", "C", 64.96, 64.96, 43.31, 270],
		[53, "CN2_4", 160, -2724.21, "T", "DIP", "B2", "", "C", 64.96, 64.96, 43.31, 270],
		[54, "CN2_4", 160, -2724.21, "B", "DIP", "B2", "", "C", 64.96, 64.96, 43.31, 270],
		[55, "CN2_5", 160, -2822.64, "T", "DIP", "GND", "GND", "C", 64.96, 64.96, 43.31, 270],
		[56, "CN2_5", 160, -2822.64, "B", "DIP", "GND", "GND", "C", 64.96, 64.96, 43.31, 270],
		[57, "CN2_6", 160, -2921.06, "T", "DIP", "BOUT-", "", "C", 64.96, 64.96, 43.31, 270],
		[58, "CN2_6", 160, -2921.06, "B", "DIP", "BOUT-", "", "C", 64.96, 64.96, 43.31, 270],
		[59, "D1_1", 543.39, -1615, "T", "SMD", "+5V", "", "R", 78.74, 78.74, 0, 180],
		[60, "D1_2", 716.61, -1615, "T", "SMD", "GND", "GND", "R", 78.74, 78.74, 0, 180],
		[61, "DC1_1", 242.51, -602.04, "T", "DIP", "VIN", "", "O", 78.74, 181.1, 145.67, 270],
		[62, "DC1_1", 242.51, -602.04, "B", "DIP", "VIN", "", "O", 78.74, 181.1, 145.67, 270],
		[63, "DC1_2", 242.53, -357.96, "T", "DIP", "GND", "GND", "O", 78.74, 181.1, 145.67, 90],
		[64, "DC1_2", 242.53, -357.96, "B", "DIP", "GND", "GND", "O", 78.74, 181.1, 145.67, 90],
		[65, "DC1_3", 57.47, -483.94, "T", "DIP", "GND", "GND", "O", 181.1, 78.74, 145.67, 270],
		[66, "DC1_3", 57.47, -483.94, "B", "DIP", "GND", "GND", "O", 181.1, 78.74, 145.67, 270],
		[67, "IL2_1", 700, -3055, "T", "DIP", "+5V", "", "C", 70, 70, 39.37, 0],
		[68, "IL2_1", 700, -3055, "B", "DIP", "+5V", "", "C", 70, 70, 39.37, 0],
		[69, "IL2_2", 800, -3055, "T", "DIP", "+5V", "", "C", 70, 70, 39.37, 0],
		[70, "IL2_2", 800, -3055, "B", "DIP", "+5V", "", "C", 70, 70, 39.37, 0],
		[71, "IL2_3", 900, -3055, "T", "DIP", "+5V", "", "C", 70, 70, 39.37, 0],
		[72, "IL2_3", 900, -3055, "B", "DIP", "+5V", "", "C", 70, 70, 39.37, 0],
		[73, "IL2_4", 1000, -3055, "T", "DIP", "+5V", "", "C", 70, 70, 39.37, 0],
		[74, "IL2_4", 1000, -3055, "B", "DIP", "+5V", "", "C", 70, 70, 39.37, 0],
		[75, "IL2_5", 1100, -3055, "T", "DIP", "+5V", "", "C", 70, 70, 39.37, 0],
		[76, "IL2_5", 1100, -3055, "B", "DIP", "+5V", "", "C", 70, 70, 39.37, 0],
		[77, "IL2_6", 1200, -3055, "T", "DIP", "GND", "GND", "C", 70, 70, 39.37, 0],
		[78, "IL2_6", 1200, -3055, "B", "DIP", "GND", "GND", "C", 70, 70, 39.37, 0],
		[79, "IL2_7", 1300, -3055, "T", "DIP", "GND", "GND", "C", 70, 70, 39.37, 0],
		[80, "IL2_7", 1300, -3055, "B", "DIP", "GND", "GND", "C", 70, 70, 39.37, 0],
		[81, "IL2_8", 1400, -3055, "T", "DIP", "GND", "GND", "C", 70, 70, 39.37, 0],
		[82, "IL2_8", 1400, -3055, "B", "DIP", "GND", "GND", "C", 70, 70, 39.37, 0],
		[83, "IL2_9", 1500, -3055, "T", "DIP", "GND", "GND", "C", 70, 70, 39.37, 0],
		[84, "IL2_9", 1500, -3055, "B", "DIP", "GND", "GND", "C", 70, 70, 39.37, 0],
		[85, "IL2_10", 1600, -3055, "T", "DIP", "GND", "GND", "C", 70, 70, 39.37, 0],
		[86, "IL2_10", 1600, -3055, "B", "DIP", "GND", "GND", "C", 70, 70, 39.37, 0],
		[87, "J2_1", 2525, -3425.61, "T", "DIP", "GND", "GND", "C", 60, 60, 36, 180],
		[88, "J2_1", 2525, -3425.61, "B", "DIP", "GND", "GND", "C", 60, 60, 36, 180],
		[89, "J2_2", 2425, -3425.61, "T", "DIP", "S1", "", "C", 60, 60, 36, 180],
		[90, "J2_2", 2425, -3425.61, "B", "DIP", "S1", "", "C", 60, 60, 36, 180],
		[91, "J2_3", 2325, -3425.61, "T", "DIP", "S2", "", "C", 60, 60, 36, 180],
		[92, "J2_3", 2325, -3425.61, "B", "DIP", "S2", "", "C", 60, 60, 36, 180],
		[93, "J2_4", 2225, -3425.61, "T", "DIP", "KEY", "", "C", 60, 60, 36, 180],
		[94, "J2_4", 2225, -3425.61, "B", "DIP", "KEY", "", "C", 60, 60, 36, 180],
		[95, "J2_5", 2125, -3425.61, "T", "DIP", "+5V", "", "C", 60, 60, 36, 180],
		[96, "J2_5", 2125, -3425.61, "B", "DIP", "+5V", "", "C", 60, 60, 36, 180],
		[97, "LED1_1", 98.46, -1268.77, "T", "SMD", "GND", "GND", "R", 39.37, 49.21, 0, 90],
		[98, "LED1_2", 98.46, -1355.39, "T", "SMD", "$1N13024", "", "R", 39.37, 49.21, 0, 90],
		[99, "P3_1", 3080, -1900, "T", "DIP", "$1N8896", "", "C", 60, 60, 30, 270],
		[100, "P3_1", 3080, -1900, "B", "DIP", "$1N8896", "", "C", 60, 60, 30, 270],
		[101, "P3_2", 3080, -2000, "T", "DIP", "$1N8899", "", "C", 60, 60, 30, 270],
		[102, "P3_2", 3080, -2000, "B", "DIP", "$1N8899", "", "C", 60, 60, 30, 270],
		[103, "P4_1", 3080, -1495, "T", "DIP", "$1N8890", "", "C", 60, 60, 30, 270],
		[104, "P4_1", 3080, -1495, "B", "DIP", "$1N8890", "", "C", 60, 60, 30, 270],
		[105, "P4_2", 3080, -1595, "T", "DIP", "$1N8893", "", "C", 60, 60, 30, 270],
		[106, "P4_2", 3080, -1595, "B", "DIP", "$1N8893", "", "C", 60, 60, 30, 270],
		[107, "P5_1", 1905, -2405, "T", "DIP", "$1N15718", "", "C", 60, 60, 30, 180],
		[108, "P5_1", 1905, -2405, "B", "DIP", "$1N15718", "", "C", 60, 60, 30, 180],
		[109, "P5_2", 1805, -2405, "T", "DIP", "$1N15723", "", "C", 60, 60, 30, 180],
		[110, "P5_2", 1805, -2405, "B", "DIP", "$1N15723", "", "C", 60, 60, 30, 180],
		[111, "R4_1", 98.26, -1533.42, "T", "SMD", "+5V", "", "R", 44.59, 54.21, 0, 90],
		[112, "R4_2", 98.26, -1454.68, "T", "SMD", "$1N13024", "", "R", 44.59, 54.21, 0, 90],
		[113, "U2_1", 1925, -100, "T", "DIP", "U2_1", "", "C", 60, 60, 36, 270],
		[114, "U2_1", 1925, -100, "B", "DIP", "U2_1", "", "C", 60, 60, 36, 270],
		[115, "U2_2", 1925, -200, "T", "DIP", "U2_2", "", "C", 60, 60, 36, 270],
		[116, "U2_2", 1925, -200, "B", "DIP", "U2_2", "", "C", 60, 60, 36, 270],
		[117, "U2_3", 1925, -300, "T", "DIP", "U2_3", "", "C", 60, 60, 36, 270],
		[118, "U2_3", 1925, -300, "B", "DIP", "U2_3", "", "C", 60, 60, 36, 270],
		[119, "U2_4", 1925, -400, "T", "DIP", "A1", "", "C", 60, 60, 36, 270],
		[120, "U2_4", 1925, -400, "B", "DIP", "A1", "", "C", 60, 60, 36, 270],
		[121, "U2_5", 1925, -500, "T", "DIP", "B1", "", "C", 60, 60, 36, 270],
		[122, "U2_5", 1925, -500, "B", "DIP", "B1", "", "C", 60, 60, 36, 270],
		[123, "U2_6", 1925, -600, "T", "DIP", "A2", "", "C", 60, 60, 36, 270],
		[124, "U2_6", 1925, -600, "B", "DIP", "A2", "", "C", 60, 60, 36, 270],
		[125, "U2_7", 1925, -700, "T", "DIP", "B2", "", "C", 60, 60, 36, 270],
		[126, "U2_7", 1925, -700, "B", "DIP", "B2", "", "C", 60, 60, 36, 270],
		[127, "U2_8", 1925, -800, "T", "DIP", "SET", "", "C", 60, 60, 36, 270],
		[128, "U2_8", 1925, -800, "B", "DIP", "SET", "", "C", 60, 60, 36, 270],
		[129, "U2_9", 1925, -900, "T", "DIP", "$1N15612", "", "C", 60, 60, 36, 270],
		[130, "U2_9", 1925, -900, "B", "DIP", "$1N15612", "", "C", 60, 60, 36, 270],
		[131, "U2_10", 1925, -1000, "T", "DIP", "MPU_SCL", "", "C", 60, 60, 36, 270],
		[132, "U2_10", 1925, -1000, "B", "DIP", "MPU_SCL", "", "C", 60, 60, 36, 270],
		[133, "U2_11", 1925, -1100, "T", "DIP", "MPU_SDA", "", "C", 60, 60, 36, 270],
		[134, "U2_11", 1925, -1100, "B", "DIP", "MPU_SDA", "", "C", 60, 60, 36, 270],
		[135, "U2_12", 1925, -1200, "T", "DIP", "INT", "", "C", 60, 60, 36, 270],
		[136, "U2_12", 1925, -1200, "B", "DIP", "INT", "", "C", 60, 60, 36, 270],
		[137, "U2_13", 1925, -1300, "T", "DIP", "IRQ", "", "C", 60, 60, 36, 270],
		[138, "U2_13", 1925, -1300, "B", "DIP", "IRQ", "", "C", 60, 60, 36, 270],
		[139, "U2_14", 1925, -1400, "T", "DIP", "MISO", "", "C", 60, 60, 36, 270],
		[140, "U2_14", 1925, -1400, "B", "DIP", "MISO", "", "C", 60, 60, 36, 270],
		[141, "U2_15", 1925, -1500, "T", "DIP", "MOSI", "", "C", 60, 60, 36, 270],
		[142, "U2_15", 1925, -1500, "B", "DIP", "MOSI", "", "C", 60, 60, 36, 270],
		[143, "U2_16", 1925, -1600, "T", "DIP", "SCK", "", "C", 60, 60, 36, 270],
		[144, "U2_16", 1925, -1600, "B", "DIP", "SCK", "", "C", 60, 60, 36, 270],
		[145, "U2_17", 1925, -1700, "T", "DIP", "CSN", "", "C", 60, 60, 36, 270],
		[146, "U2_17", 1925, -1700, "B", "DIP", "CSN", "", "C", 60, 60, 36, 270],
		[147, "U2_18", 1925, -1800, "T", "DIP", "CE", "", "C", 60, 60, 36, 270],
		[148, "U2_18", 1925, -1800, "B", "DIP", "CE", "", "C", 60, 60, 36, 270],
		[149, "U2_19", 1925, -1900, "T", "DIP", "$1N15723", "", "C", 60, 60, 36, 270],
		[150, "U2_19", 1925, -1900, "B", "DIP", "$1N15723", "", "C", 60, 60, 36, 270],
		[151, "U2_20", 1925, -2000, "T", "DIP", "$1N15718", "", "C", 60, 60, 36, 270],
		[152, "U2_20", 1925, -2000, "B", "DIP", "$1N15718", "", "C", 60, 60, 36, 270],
		[153, "U2_21", 1925, -2100, "T", "DIP", "+5V", "", "C", 60, 60, 36, 270],
		[154, "U2_21", 1925, -2100, "B", "DIP", "+5V", "", "C", 60, 60, 36, 270],
		[155, "U2_22", 1925, -2200, "T", "DIP", "GND", "GND", "C", 60, 60, 36, 270],
		[156, "U2_22", 1925, -2200, "B", "DIP", "GND", "GND", "C", 60, 60, 36, 270],
		[157, "U2_23", 2925, -2200, "T", "DIP", "GND", "GND", "C", 60, 60, 36, 90],
		[158, "U2_23", 2925, -2200, "B", "DIP", "GND", "GND", "C", 60, 60, 36, 90],
		[159, "U2_24", 2925, -2100, "T", "DIP", "GND", "GND", "C", 60, 60, 36, 90],
		[160, "U2_24", 2925, -2100, "B", "DIP", "GND", "GND", "C", 60, 60, 36, 90],
		[161, "U2_25", 2925, -2000, "T", "DIP", "$1N8899", "", "C", 60, 60, 36, 90],
		[162, "U2_25", 2925, -2000, "B", "DIP", "$1N8899", "", "C", 60, 60, 36, 90],
		[163, "U2_26", 2925, -1900, "T", "DIP", "$1N8896", "", "C", 60, 60, 36, 90],
		[164, "U2_26", 2925, -1900, "B", "DIP", "$1N8896", "", "C", 60, 60, 36, 90],
		[165, "U2_27", 2925, -1800, "T", "DIP", "OLED_SDA", "", "C", 60, 60, 36, 90],
		[166, "U2_27", 2925, -1800, "B", "DIP", "OLED_SDA", "", "C", 60, 60, 36, 90],
		[167, "U2_28", 2925, -1700, "T", "DIP", "OLED_SCL", "", "C", 60, 60, 36, 90],
		[168, "U2_28", 2925, -1700, "B", "DIP", "OLED_SCL", "", "C", 60, 60, 36, 90],
		[169, "U2_29", 2925, -1600, "T", "DIP", "$1N8893", "", "C", 60, 60, 36, 90],
		[170, "U2_29", 2925, -1600, "B", "DIP", "$1N8893", "", "C", 60, 60, 36, 90],
		[171, "U2_30", 2925, -1500, "T", "DIP", "$1N8890", "", "C", 60, 60, 36, 90],
		[172, "U2_30", 2925, -1500, "B", "DIP", "$1N8890", "", "C", 60, 60, 36, 90],
		[173, "U2_31", 2925, -1400, "T", "DIP", "U2_31", "", "C", 60, 60, 36, 90],
		[174, "U2_31", 2925, -1400, "B", "DIP", "U2_31", "", "C", 60, 60, 36, 90],
		[175, "U2_32", 2925, -1300, "T", "DIP", "BUTTON3", "", "C", 60, 60, 36, 90],
		[176, "U2_32", 2925, -1300, "B", "DIP", "BUTTON3", "", "C", 60, 60, 36, 90],
		[177, "U2_33", 2925, -1200, "T", "DIP", "BUTTON2", "", "C", 60, 60, 36, 90],
		[178, "U2_33", 2925, -1200, "B", "DIP", "BUTTON2", "", "C", 60, 60, 36, 90],
		[179, "U2_34", 2925, -1100, "T", "DIP", "BUTTON1", "", "C", 60, 60, 36, 90],
		[180, "U2_34", 2925, -1100, "B", "DIP", "BUTTON1", "", "C", 60, 60, 36, 90],
		[181, "U2_35", 2925, -1000, "T", "DIP", "AIN2", "", "C", 60, 60, 36, 90],
		[182, "U2_35", 2925, -1000, "B", "DIP", "AIN2", "", "C", 60, 60, 36, 90],
		[183, "U2_36", 2925, -900, "T", "DIP", "AIN1", "", "C", 60, 60, 36, 90],
		[184, "U2_36", 2925, -900, "B", "DIP", "AIN1", "", "C", 60, 60, 36, 90],
		[185, "U2_37", 2925, -800, "T", "DIP", "BIN1", "", "C", 60, 60, 36, 90],
		[186, "U2_37", 2925, -800, "B", "DIP", "BIN1", "", "C", 60, 60, 36, 90],
		[187, "U2_38", 2925, -700, "T", "DIP", "BIN2", "", "C", 60, 60, 36, 90],
		[188, "U2_38", 2925, -700, "B", "DIP", "BIN2", "", "C", 60, 60, 36, 90],
		[189, "U2_39", 2925, -600, "T", "DIP", "KEY", "", "C", 60, 60, 36, 90],
		[190, "U2_39", 2925, -600, "B", "DIP", "KEY", "", "C", 60, 60, 36, 90],
		[191, "U2_40", 2925, -500, "T", "DIP", "S2", "", "C", 60, 60, 36, 90],
		[192, "U2_40", 2925, -500, "B", "DIP", "S2", "", "C", 60, 60, 36, 90],
		[193, "U2_41", 2925, -400, "T", "DIP", "S1", "", "C", 60, 60, 36, 90],
		[194, "U2_41", 2925, -400, "B", "DIP", "S1", "", "C", 60, 60, 36, 90],
		[195, "U2_42", 2925, -300, "T", "DIP", "RX", "", "C", 60, 60, 36, 90],
		[196, "U2_42", 2925, -300, "B", "DIP", "RX", "", "C", 60, 60, 36, 90],
		[197, "U2_43", 2925, -200, "T", "DIP", "TX", "", "C", 60, 60, 36, 90],
		[198, "U2_43", 2925, -200, "B", "DIP", "TX", "", "C", 60, 60, 36, 90],
		[199, "U2_44", 2925, -100, "T", "DIP", "GND", "GND", "C", 60, 60, 36, 90],
		[200, "U2_44", 2925, -100, "B", "DIP", "GND", "GND", "C", 60, 60, 36, 90],
		[201, "U3_1", 900, -3370, "T", "DIP", "GND", "GND", "R", 66.93, 66.93, 43.31, 0],
		[202, "U3_1", 900, -3370, "B", "DIP", "GND", "GND", "R", 66.93, 66.93, 43.31, 0],
		[203, "U3_2", 1000, -3370, "T", "DIP", "+5V", "", "C", 66.93, 66.93, 43.31, 0],
		[204, "U3_2", 1000, -3370, "B", "DIP", "+5V", "", "C", 66.93, 66.93, 43.31, 0],
		[205, "U3_3", 1100, -3370, "T", "DIP", "OLED_SCL", "", "C", 66.93, 66.93, 43.31, 0],
		[206, "U3_3", 1100, -3370, "B", "DIP", "OLED_SCL", "", "C", 66.93, 66.93, 43.31, 0],
		[207, "U3_4", 1200, -3370, "T", "DIP", "OLED_SDA", "", "C", 66.93, 66.93, 43.31, 0],
		[208, "U3_4", 1200, -3370, "B", "DIP", "OLED_SDA", "", "C", 66.93, 66.93, 43.31, 0],
		[209, "U6_1", 3015.73, -3446.09, "T", "SMD", "BUTTON1", "", "R", 86.61, 59.05, 0, 180],
		[210, "U6_2", 3015.73, -3268.91, "T", "SMD", "GND", "GND", "R", 86.61, 59.05, 0, 180],
		[211, "U6_3", 2669.27, -3446.09, "T", "SMD", "BUTTON1", "", "R", 86.61, 59.05, 0, 180],
		[212, "U6_4", 2669.27, -3268.91, "T", "SMD", "GND", "GND", "R", 86.61, 59.05, 0, 180],
		[213, "U7_1", 2488.23, -3288.59, "T", "SMD", "BUTTON2", "", "R", 86.61, 59.05, 0, 180],
		[214, "U7_2", 2488.23, -3111.41, "T", "SMD", "GND", "GND", "R", 86.61, 59.05, 0, 180],
		[215, "U7_3", 2141.77, -3288.59, "T", "SMD", "BUTTON2", "", "R", 86.61, 59.05, 0, 180],
		[216, "U7_4", 2141.77, -3111.41, "T", "SMD", "GND", "GND", "R", 86.61, 59.05, 0, 180],
		[217, "U8_1", 896.73, -185, "T", "DIP", "GND", "GND", "C", 228.35, 228.35, 173.23, 180],
		[218, "U8_1", 896.73, -185, "B", "DIP", "GND", "GND", "C", 228.35, 228.35, 173.23, 180],
		[219, "U8_2", 613.27, -185, "T", "DIP", "VIN", "", "C", 228.35, 228.35, 173.23, 180],
		[220, "U8_2", 613.27, -185, "B", "DIP", "VIN", "", "C", 228.35, 228.35, 173.23, 180],
		[221, "U9_1", 1980.73, -3446.09, "T", "SMD", "BUTTON3", "", "R", 86.61, 59.05, 0, 180],
		[222, "U9_2", 1980.73, -3268.91, "T", "SMD", "GND", "GND", "R", 86.61, 59.05, 0, 180],
		[223, "U9_3", 1634.27, -3446.09, "T", "SMD", "BUTTON3", "", "R", 86.61, 59.05, 0, 180],
		[224, "U9_4", 1634.27, -3268.91, "T", "SMD", "GND", "GND", "R", 86.61, 59.05, 0, 180],
		[225, "U10_1", 865, -750, "T", "DIP", "GND", "GND", "C", 60, 60, 36, 180],
		[226, "U10_1", 865, -750, "B", "DIP", "GND", "GND", "C", 60, 60, 36, 180],
		[227, "U10_2", 765, -750, "T", "DIP", "GND", "GND", "C", 60, 60, 36, 180],
		[228, "U10_2", 765, -750, "B", "DIP", "GND", "GND", "C", 60, 60, 36, 180],
		[229, "U10_3", 445, -750, "T", "DIP", "VIN", "", "C", 60, 60, 36, 180],
		[230, "U10_3", 445, -750, "B", "DIP", "VIN", "", "C", 60, 60, 36, 180],
		[231, "U10_4", 345, -750, "T", "DIP", "VIN", "", "C", 60, 60, 36, 180],
		[232, "U10_4", 345, -750, "B", "DIP", "VIN", "", "C", 60, 60, 36, 180],
		[233, "U10_5", 345, -1480, "T", "DIP", "+5V", "", "C", 60, 60, 36, 0],
		[234, "U10_5", 345, -1480, "B", "DIP", "+5V", "", "C", 60, 60, 36, 0],
		[235, "U10_6", 445, -1480, "T", "DIP", "+5V", "", "C", 60, 60, 36, 0],
		[236, "U10_6", 445, -1480, "B", "DIP", "+5V", "", "C", 60, 60, 36, 0],
		[237, "U10_7", 765, -1480, "T", "DIP", "GND", "GND", "C", 60, 60, 36, 0],
		[238, "U10_7", 765, -1480, "B", "DIP", "GND", "GND", "C", 60, 60, 36, 0],
		[239, "U10_8", 865, -1480, "T", "DIP", "GND", "GND", "C", 60, 60, 36, 0],
		[240, "U10_8", 865, -1480, "B", "DIP", "GND", "GND", "C", 60, 60, 36, 0],
		[241, "U11_1", 1635, -76.81, "T", "DIP", "+5V", "", "R", 90.55, 90.55, 36, 180],
		[242, "U11_1", 1635, -76.81, "B", "DIP", "+5V", "", "R", 90.55, 90.55, 36, 180],
		[243, "U11_2", 1535, -76.81, "T", "DIP", "GND", "GND", "R", 90.55, 90.55, 36, 180],
		[244, "U11_2", 1535, -76.81, "B", "DIP", "GND", "GND", "R", 90.55, 90.55, 36, 180],
		[245, "U11_3", 1435, -76.81, "T", "DIP", "TX", "", "R", 90.55, 90.55, 36, 180],
		[246, "U11_3", 1435, -76.81, "B", "DIP", "TX", "", "R", 90.55, 90.55, 36, 180],
		[247, "U11_4", 1335, -76.81, "T", "DIP", "RX", "", "R", 90.55, 90.55, 36, 180],
		[248, "U11_4", 1335, -76.81, "B", "DIP", "RX", "", "R", 90.55, 90.55, 36, 180],
		[249, "U11_5", 1235, -76.81, "T", "DIP", "SET", "", "R", 90.55, 90.55, 36, 180],
		[250, "U11_5", 1235, -76.81, "B", "DIP", "SET", "", "R", 90.55, 90.55, 36, 180],
		[251, "U11_6", 1635, -1053.19, "T", "DIP", "U11_6", "", "R", 90.55, 90.55, 36, 90],
		[252, "U11_6", 1635, -1053.19, "B", "DIP", "U11_6", "", "R", 90.55, 90.55, 36, 90],
		[253, "U11_7", 1535, -1053.19, "T", "DIP", "GND", "GND", "R", 90.55, 90.55, 36, 270],
		[254, "U11_7", 1535, -1053.19, "B", "DIP", "GND", "GND", "R", 90.55, 90.55, 36, 270],
		[255, "U11_8", 1435, -1053.19, "T", "DIP", "GND", "GND", "R", 90.55, 90.55, 36, 180],
		[256, "U11_8", 1435, -1053.19, "B", "DIP", "GND", "GND", "R", 90.55, 90.55, 36, 180],
		[257, "U12_1", 1005, -1190, "T", "DIP", "+5V", "", "R", 62, 62, 35, 270],
		[258, "U12_1", 1005, -1190, "B", "DIP", "+5V", "", "R", 62, 62, 35, 270],
		[259, "U12_1", 1005, -1190, "T", "DIP", "+5V", "", "R", 70.87, 70.87, 47.24, 270],
		[260, "U12_1", 1005, -1190, "B", "DIP", "+5V", "", "R", 70.87, 70.87, 47.24, 270],
		[261, "U12_2", 1005, -1290, "T", "DIP", "GND", "GND", "C", 70.87, 70.87, 47.24, 270],
		[262, "U12_2", 1005, -1290, "B", "DIP", "GND", "GND", "C", 70.87, 70.87, 47.24, 270],
		[263, "U12_3", 1005, -1390, "T", "DIP", "MPU_SCL", "", "C", 70.87, 70.87, 47.24, 270],
		[264, "U12_3", 1005, -1390, "B", "DIP", "MPU_SCL", "", "C", 70.87, 70.87, 47.24, 270],
		[265, "U12_4", 1005, -1490, "T", "DIP", "MPU_SDA", "", "C", 70.87, 70.87, 47.24, 270],
		[266, "U12_4", 1005, -1490, "B", "DIP", "MPU_SDA", "", "C", 70.87, 70.87, 47.24, 270],
		[267, "U12_5", 1005, -1590, "T", "DIP", "U12_5", "", "C", 70.87, 70.87, 47.24, 270],
		[268, "U12_5", 1005, -1590, "B", "DIP", "U12_5", "", "C", 70.87, 70.87, 47.24, 270],
		[269, "U12_6", 1005, -1690, "T", "DIP", "U12_6", "", "C", 70.87, 70.87, 47.24, 270],
		[270, "U12_6", 1005, -1690, "B", "DIP", "U12_6", "", "C", 70.87, 70.87, 47.24, 270],
		[271, "U12_7", 1005, -1790, "T", "DIP", "U12_7", "", "C", 70.87, 70.87, 47.24, 270],
		[272, "U12_7", 1005, -1790, "B", "DIP", "U12_7", "", "C", 70.87, 70.87, 47.24, 270],
		[273, "U12_8", 1005, -1890, "T", "DIP", "INT", "", "C", 70.87, 70.87, 47.24, 270],
		[274, "U12_8", 1005, -1890, "B", "DIP", "INT", "", "C", 70.87, 70.87, 47.24, 270],
		[275, "U12_9", 1475, -1240, "T", "DIP", "U12_9", "", "C", 118.11, 118.11, 118.11, 0],
		[276, "U12_9", 1475, -1240, "B", "DIP", "U12_9", "", "C", 118.11, 118.11, 118.11, 0],
		[277, "U12_10", 1475, -1840, "T", "DIP", "U12_10", "", "C", 118.11, 118.11, 118.11, 0],
		[278, "U12_10", 1475, -1840, "B", "DIP", "U12_10", "", "C", 118.11, 118.11, 118.11, 0],
		[279, "U15_1", 405, -3435, "T", "DIP", "GND", "GND", "C", 62.99, 62.99, 35.43, 270],
		[280, "U15_1", 405, -3435, "B", "DIP", "GND", "GND", "C", 62.99, 62.99, 35.43, 270],
		[281, "U15_2", 305, -3435, "T", "DIP", "3.3V", "", "C", 62.99, 62.99, 35.43, 270],
		[282, "U15_2", 305, -3435, "B", "DIP", "3.3V", "", "C", 62.99, 62.99, 35.43, 270],
		[283, "U15_3", 405, -3335, "T", "DIP", "CE", "", "C", 62.99, 62.99, 35.43, 270],
		[284, "U15_3", 405, -3335, "B", "DIP", "CE", "", "C", 62.99, 62.99, 35.43, 270],
		[285, "U15_4", 305, -3335, "T", "DIP", "CSN", "", "C", 62.99, 62.99, 35.43, 270],
		[286, "U15_4", 305, -3335, "B", "DIP", "CSN", "", "C", 62.99, 62.99, 35.43, 270],
		[287, "U15_5", 405, -3235, "T", "DIP", "SCK", "", "C", 62.99, 62.99, 35.43, 270],
		[288, "U15_5", 405, -3235, "B", "DIP", "SCK", "", "C", 62.99, 62.99, 35.43, 270],
		[289, "U15_6", 305, -3235, "T", "DIP", "MOSI", "", "C", 62.99, 62.99, 35.43, 270],
		[290, "U15_6", 305, -3235, "B", "DIP", "MOSI", "", "C", 62.99, 62.99, 35.43, 270],
		[291, "U15_7", 405, -3135, "T", "DIP", "MISO", "", "C", 62.99, 62.99, 35.43, 270],
		[292, "U15_7", 405, -3135, "B", "DIP", "MISO", "", "C", 62.99, 62.99, 35.43, 270],
		[293, "U15_8", 305, -3135, "T", "DIP", "IRQ", "", "C", 62.99, 62.99, 35.43, 270],
		[294, "U15_8", 305, -3135, "B", "DIP", "IRQ", "", "C", 62.99, 62.99, 35.43, 270],
		[295, "W1_1", 110, -830, "T", "DIP", "VIN", "", "O", 62.99, 102.36, 43.31, 270],
		[296, "W1_1", 110, -830, "B", "DIP", "VIN", "", "O", 62.99, 102.36, 43.31, 270],
		[297, "W1_1", 110, -804.02, "T", "DIP", "VIN", "", "O", 78.74, 102.36, 0.1, 90],
		[298, "W1_1", 110, -804.02, "B", "DIP", "VIN", "", "O", 78.74, 102.36, 0.1, 90],
		[299, "W1_2", 110, -930, "T", "DIP", "GND", "GND", "O", 70.87, 102.36, 43.31, 270],
		[300, "W1_2", 110, -930, "B", "DIP", "GND", "GND", "O", 70.87, 102.36, 43.31, 270],
		[301, "W1_3", 110, -1030, "T", "DIP", "+5V", "", "O", 62.99, 102.36, 43.31, 270],
		[302, "W1_3", 110, -1030, "B", "DIP", "+5V", "", "O", 62.99, 102.36, 43.31, 270],
		[303, "W1_3", 110, -1055.98, "T", "DIP", "+5V", "", "O", 78.74, 102.36, 0.1, 90],
		[304, "W1_3", 110, -1055.98, "B", "DIP", "+5V", "", "O", 78.74, 102.36, 0.1, 90],
		[305, "W2_3.3_1", 495, -1815, "T", "DIP", "+5V", "", "O", 62.99, 102.36, 43.31, 0],
		[306, "W2_3.3_1", 495, -1815, "B", "DIP", "+5V", "", "O", 62.99, 102.36, 43.31, 0],
		[307, "W2_3.3_1", 469.02, -1815, "T", "DIP", "+5V", "", "O", 78.74, 102.36, 0.1, 180],
		[308, "W2_3.3_1", 469.02, -1815, "B", "DIP", "+5V", "", "O", 78.74, 102.36, 0.1, 180],
		[309, "W2_3.3_2", 595, -1815, "T", "DIP", "GND", "GND", "O", 70.87, 102.36, 43.31, 0],
		[310, "W2_3.3_2", 595, -1815, "B", "DIP", "GND", "GND", "O", 70.87, 102.36, 43.31, 0],
		[311, "W2_3.3_3", 695, -1815, "T", "DIP", "3.3V", "", "O", 62.99, 102.36, 43.31, 0],
		[312, "W2_3.3_3", 695, -1815, "B", "DIP", "3.3V", "", "O", 62.99, 102.36, 43.31, 0],
		[313, "W2_3.3_3", 720.98, -1815, "T", "DIP", "3.3V", "", "O", 78.74, 102.36, 0.1, 180],
		[314, "W2_3.3_3", 720.98, -1815, "B", "DIP", "3.3V", "", "O", 78.74, 102.36, 0.1, 180]
	]
}
}